business_name,business_type,asking_price,location,city,county,distance_to_philly_miles,proximity_bucket,proximity_rank,cash_flow_annual,gross_revenue_annual,year_established,employees,description,seller_motivation,source_url,listing_date,_source
Wise Snacks Route (6203),,85000,philadelphia,philadelphia,,0,Philadelphia,15,,,,,"Net $1,250 a week after all expenses for only working 4 days a week.....Gross weekly sales average over $10,000.....This Wise Snack Route for sale picks up product in Philly and delivers to towns that include Broomall, Springfield, Folsom, Glenolden, Havertow.....The route has approximately 20 accounts that include Giants, ACME's, Shop Rites, Target, Colonial Village and more.....The route goes out Monday, Tuesday, Wednesday & Friday from approximately 4:00am-1:00pm, both the days and hours are flexible.....Total Price $99K......Please call for more information   show contact info 
.",,https://philadelphia.craigslist.org/bfs/d/springfield-wise-snacks-route-6203/7912752761.html,2026-02-03,craigslist/philadelphia
Turnkey Pizza store for sale,,90000,Philadelphia,philadelphia,,0,Philadelphia,16,,,,,"Turnkey Pizza Store for Sale – Established Residential Location 
 
Well-maintained and fully equipped pizza store located in a strong residential area with stable, ongoing business. 
The store is in excellent condition and ready for immediate operation. 
 
Integrated with delivery platforms such as Uber Eats and DoorDash, with an additional in-house delivery system already in place. 
 
Serious inquiries only.",,https://philadelphia.craigslist.org/bfs/d/philadelphia-turnkey-pizza-store-for/7924637148.html,2026-03-31,craigslist/philadelphia
Dry Cleaner Drop Store for Sale – Located in Town / Loyal Customers,,150000,Lansdale,lansdale,,21,within 25 mi,8,,,,,"Dry cleaner drop store for sale, conveniently located in town. 
Well-established business with many long-term, loyal customers, providing stable and consistent income. 
 
Business Highlights: 
	•	Prime in-town location 
	•	Strong, long-term customer base 
	•	Easy-to-manage drop store operation 
	•	Can be operated by one person 
	•	Great opportunity for first-time business owners 
 
Selling due to personal reasons. 
Serious inquiries only. 
 
📞 Please call or text for more information.",,https://philadelphia.craigslist.org/bfs/d/lansdale-dry-cleaner-drop-store-for/7909582597.html,2026-01-18,craigslist/philadelphia
Well-Established & Popular Restaurant for Sale,,150000,Blue Bell,blue bell,,15,within 25 mi,5,,,,,"A well-known, thriving restaurant with strong sales is now available for sale. 
Located in a large shopping center with ample parking, offering excellent visibility and easy customer access. 
 
This is a semi-absentee-owned business, making it ideal for an owner-operator or an investor seeking steady income. 
 
Highlights: 
	•	Strong, established customer base 
	•	Prime location in a busy shopping center 
	•	Large parking lot 
	•	Turnkey operation 
	•	Semi-absentee ownership 
 
Additional details will be provided after signing a Non-Disclosure Agreement (NDA). 
 
Serious inquiries only. Please respond with your contact information to receive further details.",,https://philadelphia.craigslist.org/bfs/d/blue-bell-well-established-popular/7909581786.html,2026-01-18,craigslist/philadelphia
Hot Food Takeout Business For Sale – Great Location / Turnkey / Recipe Include,,80000,Norristown,norristown,,15,within 25 mi,6,,,,,"Well-maintained and beautifully set up hot food takeout business for sale due to personal health reasons. 
Located in a busy shopping plaza with strong foot traffic and plenty of parking. 
 
✔ Clean, modern, and fully equipped kitchen 
✔ High-traffic shopping center location 
✔ Loyal customers & steady sales 
✔ Will fully train new owner, including our special house-made sauce recipe 
✔ Easy-to-run, perfect for owner-operator 
 
This is a great opportunity to take over a successful, ready-to-operate business. 
 
Serious buyers only.",,https://philadelphia.craigslist.org/bfs/d/norristown-hot-food-takeout-business/7899338040.html,2025-11-30,craigslist/philadelphia
Hot & Cold Food Deli – 25 Years Established!,,150000,Media,media,,12,within 25 mi,3,,,,,"Busy deli with loyal customers for over 25 years. 
Serving delicious hot & cold food in a clean, friendly environment. 
Located in a high residential area with strong local traffic. 
Includes multiple delivery platforms and its own delivery service. 
Perfect for a family business. 
Owner retiring — great opportunity to take over a proven, profitable deli!",,https://philadelphia.craigslist.org/bfs/d/media-hot-cold-food-deli-25-years/7891695398.html,2025-10-27,craigslist/philadelphia
Dry Cleaning Drop Store for Sale – 25 Years in Business,,100000,Doylestown,doylestown,,25,within 25 mi,9,,,,,"Well-established dry cleaning drop store located in a great neighborhood with loyal, long-term customers. 
This shop has been a reliable community business for over 25 years, known for excellent service and strong customer satisfaction. It’s a steady, low-stress operation perfect for someone looking for a stable small business. 
 
✨ Highlights 
	•	Operating successfully for 25+ years 
	•	Excellent reputation in the community 
	•	Strong base of loyal regular customers 
	•	Located in a safe, high-traffic neighborhood 
	•	Easy to manage — great for first-time owners 
	•	Ideal as a family-run business or additional income source 
 
👍 Perfect For 
	•	Anyone seeking a stable, low-risk business 
	•	First-time buyers wanting an easy operation 
	•	Buyers looking for consistent cash flow 
	•	Part-time operators or side-income seekers 
 
Serious inquiries only. 
Financials and additional details available upon signing an NDA.",,https://philadelphia.craigslist.org/bfs/d/doylestown-dry-cleaning-drop-store-for/7900512705.html,2025-12-05,craigslist/philadelphia
Produce market,,210000,Conshohocken,conshohocken,,11,within 25 mi,2,,,,,"Neighborhood Vegetable & Grocery Store for Sale – Conshohocken, PA 🛒 
Established Business | Steady Sales | Loyal Local Customers 
 
Don’t miss this fantastic opportunity to own a well-loved vegetable & grocery store located in a highly residential area of Conshohocken. 
 
🔹 Excellent location surrounded by homes and families 
🔹 Steady daily foot traffic from loyal neighborhood customers 
🔹 Clean, well-maintained store with fresh produce and everyday essentials 
🔹 Consistent sales and reliable income 
🔹 Perfect for family operation or owner-operator 
🔹 Room to grow with additional product lines or delivery service 
 
This is a turnkey business with strong community ties and plenty of potential to expand. 
 
📞 Inquire today – a rare chance to step into a stable and trusted local business!",,https://philadelphia.craigslist.org/bfs/d/conshohocken-produce-market/7897987122.html,2025-11-24,craigslist/philadelphia
Absentee owned luxury massage chair business for sale,,150000,King Of Prussia,king of prussia,,15,within 25 mi,7,,,,,"Looking for a clean, professional, and profitable business? This luxury massage chair showroom is now available in a prime A-list shopping mall. This is a perfect opportunity for someone who wants a high-end business without the stress of 24/7 management. 
 
Fully Systematized: The owner has set up the business so they don’t have to work on-site. Excellent staff and operations are already in place. 
 
Best Location: Situated in a high-traffic luxury mall surrounded by designer brands. 
 
High Profit, Low Stress: High-end products mean great margins. No messy inventory or large staff requirements. 
 
Retirement Sale: This is a healthy, established business being sold only because the owner is retiring. 
 
This is a turnkey operation. Step in and start earning from Day 1!",,https://philadelphia.craigslist.org/bfs/d/king-of-prussia-absentee-owned-luxury/7911154426.html,2026-01-26,craigslist/philadelphia
Drop store (Dry cleaner ) for sale,,80000,Chester Springs,chester springs,,12,within 25 mi,4,,,,,"Great opportunity to own an established drop store dry cleaner located in a highly desirable and growing area of Chester Springs. 
This business is perfectly situated in a busy shopping center with high traffic and loyal customers. 
Highlights: 
Prime location with strong neighborhood demographics 
Easy to operate – ideal for owner-operator 
Low overhead and steady income 
Excellent potential for growth and expansion 
Owner retiring(owner operate) 
This is a turnkey business – ready for a new owner to take over and continue success!",,https://philadelphia.craigslist.org/bfs/d/chester-springs-drop-store-dry-cleaner/7897985875.html,2025-11-24,craigslist/philadelphia
SUCCESSFUL PIZZA BUSINESS FOR SALE,,105000,Philadelphia,philadelphia,,0,Philadelphia,17,,,,,Successful pizza place for sale. Well known with great reputation for 30+ years. Great cash flow (point of sale in place for easy verification) with potential for more. Great business for a first timer or experienced. Fully staffed and low overhead. The rent is $1950. It’s 1200sq/ft corner property with huge basement and great visibility. Willing to train the next owner for a smooth transition. Feel free to reach for more information.,,https://philadelphia.craigslist.org/bfs/d/philadelphia-successful-pizza-business/7925404936.html,2026-04-03,craigslist/philadelphia
"Pizzeria for sale Washington, NJ",,110000,"Washington, NJ",washington,,57,50-100 mi,11,,,,,"10+ years Established Pizzeria for sale 
Seats 20 
Asset sale 
All equipment, name and phone number included  
Current lease is month per month 
Landlord willing to give qualified tenant 5+5 years. Must have good credit 
Call owner for more information",,https://allentown.craigslist.org/bfs/d/washington-pizzeria-for-sale-washington/7918942358.html,2026-03-03,craigslist/allentown
Snyder's/Lance Snack Food Distributor Route for Sale,,190000,East York,east york,,83,50-100 mi,13,,,,,"Turnkey Snyder's/Lance snack-food distributor route for sale in East York / York County, PA. Established recurring income with major accounts — ready for immediate takeover. 
 
Highlights 
 
Territory: East York, PA and nearby neighborhoods 
Type: Snyder's/Lance snack food distributor route 
Accounts: 5 regular accounts, including 3 major grocery stores 
Average gross sales: $9,500 weekly 
Asking price: $190,000 
Financing: Company financing available with qualified credit and down payment 
Included: route list, supplier agreements, basic training 
Requirements & Notes 
 
Serious buyers only — proof of funds or business background requested 
client details available after NDA and signed LOI 
Contact Email 
 — include a brief note about your experience and financing readiness.",,https://york.craigslist.org/bfs/d/york-snyders-lance-snack-food/7918220561.html,2026-02-28,craigslist/york
Pet Grooming Business,,150000,Dover,dover,,89,50-100 mi,14,,,,,"Pet grooming salon located in Dover, PA. Currently 8 groomers employed each working between 24 to 35 hours per week, 5 days a week. Business is 12 years old, great client base,1350 square feet, 4 tubs, 8 tables, waiting area. I also own the real-estate and will include a lease, $1500 monthly, also willing to help with the transfer so it is easy for groomers and clients. 
$150,000 
Business currently grosses $400,000 a year.",,https://york.craigslist.org/bfs/d/york-pet-grooming-business/7922812668.html,2026-03-22,craigslist/york
Tasty kale Route (6205),,140000,southjersey,southjersey,,7,within 25 mi,1,,,,,"Net $1,400 a week after all expenses.....Gross weekly sales average over $9,200......This Tastykake Route for sale picks up product in Lakewood, New Jersey and deliver to towns that include Jackson, Brick, Lakewood and Freehold....The route has a great mix of cash accounts and major accounts that include BJ's, Wawa's, Shop Rites, Quick Chek's Walmart, Dollar General's and more.....The route goes out 4 days a week Monday, Tuesday, Thursday and Friday from approximately 5:00am-1:00pm, both the days and hours are flexible.....The route also includes a 2020 14ft Ford Transit that has been well maintained....Total Price $140k and with good credit financing is available with approximately 65k down.....Please call for more information   show contact info 
.",,https://southjersey.craigslist.org/bfs/d/brick-tasty-kale-route-6205/7918846818.html,2026-03-03,craigslist/southjersey
Wildwood Boardwalk Retail Business For Sale,,75000,wildwood,wildwood,,69,50-100 mi,12,,,,,Well established Retail Wildwood Boardwalk business for sale.  Same location since 1990. Second landlord since 2020. 3 year  current lease including this year through 2028. All fixtures and inventory included.  list of suppliers included. Sale books for the last 3 years included. 14.5 ft frontage with app 1100 square foot of floor space. Serious inquiries only. email address is supplied. thank you,,https://southjersey.craigslist.org/bfs/d/wildwood-wildwood-boardwalk-retail/7921339898.html,2026-03-15,craigslist/southjersey
"Turn-Key Pizza Restaurant – Dine In, Pickup & Delivery – Owner Financing",,210000,Millville NJ,millville nj,,39,25-50 mi,10,,,,,"Turn-key pizza restaurant business for sale in Millville, NJ. Fully equipped and ready to operate. You can take the keys and start working immediately without spending extra money. 
 
Pizza restaurant with dine-in, pick-up, and delivery service. 
About 70% of the business comes from delivery orders. 
 
Asking price for the business: $210,000 
Monthly rent: $3,500 
 
Owner financing available for the right buyer. 
All kitchen equipment included. 
Established location with regular customers. 
 
Serious inquiries only. Contact for more information:  show contact info",,https://southjersey.craigslist.org/bfs/d/millville-turn-key-pizza-restaurant/7919949193.html,2026-03-08,craigslist/southjersey
